Название,Автор,Цена,Рейтинг
Эрго набирает сообщение,Не указан,1 116 ₽,0
Мы будем вместе всегда. Имаго-терапия отношений,Не указан,1 199 ₽,0
Смех не без причины. Язык и механизмы комического в новых жанрах интернет-поэзии. Монография,Не указан,719 ₽,0
"Слово живое и мертвое. От ""Маленького принца"" до ""Корабля дураков""",Не указан,1 023 ₽,0
Lore Olympus. Volume One,Не указан,3 119 ₽,0
Читать!,Не указан,568 ₽,0
Приключения Алисы в Стране Чудес,Не указан,3 512 ₽,0
Остров Сокровищ,Не указан,3 945 ₽,0
Орлеанская девственница,Не указан,6 337 ₽,0
Униженные и оскорбленные,Не указан,2 087 ₽,0
